{
  "Display_Unit": {
    "Gallons_of_Gasoline": 0.051041241,
    "lbs_CO2_e": 1.000000000,
    "kg_CO2_e": 0.453603512,
    "T_CO2_e": 0.000500204,
    "MT_CO2_e": 0.000454267,
    "Cars_Driven_for_One_Year": 0.000096978,
    "Miles_Driven_by_Car": 1.111780318,
    "Tons_of_Waste_Recycled": 0.000158228,
    "Garbage_Trucks_of_Waste": 0.000022611,
    "lbs_of_Coal_Burned": 0.496273989,
    "Tanker_Trucks_of_Gasoline": 0.000006023,
    "Home_Energy_use_in_One_Year": 0.000049000,
    "Wind_Turbine_Generation_in_One_Year": 0.000000102,
    "Railcars_of_Coal_Burned": 0.000002501,
    "Incandescent_Bulbs_changed_to_LEDs": 0.015159249,
    "Barrels_of_Oil": 0.001051450,
    "Propane_Cylinders": 0.018527971,
    "Coal_Power_Plants_in_One_Year": 0.000000000,
    "Acres_of_U.S._Forest_for_One_Year": 0.000535933,
    "kWh": 1.735402205,
    "24_Racks_of_PBR": 0.010688890,
    "Pounds_of_Rice": 0.211254027,
    "Gallons_of_Milk": 0.046945339,
    "Dozens_of_Eggs": 0.106365664,
    "Pounds_of_Sirloin_Steak": 0.018847943,
    "Pounds_of_Bacon": 0.026269931,
    "Gallons_of_Ice_Cream": 0.016181159,
    "Diapers": 0.585011151,
    "Cups_of_Coffee": 0.056334407,
    "Cups_of_Mocha": 0.038604797,
    "Boneless_Wings": 0.230458938,
    "Chicken_Sandwiches": 0.152102899,
    "Medium_One_Topping_Pizza": 0.010146958,
    "Pints_at_a_Pub": 0.025350483,
    "Shots_at_a_Bar": 0.025350483,
    "Hard_Shell_Tacos": 0.101401933,
    "Video_Games": 0.002535471,
    "Bottled_Beverages": 0.060841160,
    "Pairs_of_Cotton_Socks": 0.100067697,
    "Short_Stacks_of_Pancakes": 0.023878006,
    "Dollars": 0.152102899
  }
}