{
  "Display_Unit": {
    "lbs_CO2_e": 1,
    "Gallons_of_Gasoline": 0.051041241,
    "kg_CO2_e": 0.453603512,
    "T_CO2_e": 0.000500204,
    "MT_CO2_e": 0.000454267,
    "Cars_Driven_for_One_Year": 0.0000969784,
    "Miles_Driven_by_Car": 1.111780318,
    "Tons_of_Waste_Recycled": 0.000158228,
    "Garbage_Trucks_of_Waste": 0.0000226113,
    "lbs_of_Coal_Burned": 0.496273989,
    "Tanker_Trucks_of_Gasoline": 0.00000602287,
    "Home_Energy_use_in_One_Year": 0.0000489996,
    "Wind_Turbine_Generation_in_One_Year": 0.000000102082,
    "Railcars_of_Coal_Burned": 0.00000250102,
    "Incandescent_Bulbs_changed_to_LEDs": 0.015159249,
    "Barrels_of_Oil": 0.00105145,
    "Propane_Cylinders": 0.018527971,
    "Coal_Power_Plants_in_One_Year": 0.000000000102082,
    "Acres_of_U.S._Forest_for_One_Year": 0.000535933,
    "kWh": 1.735402205,
    "24_Racks_of_PBR": 0.726316864,
    "Pounds_of_Rice": 0.036749694,
    "Gallons_of_Milk": 0.165373622,
    "Dozens_of_Eggs": 0.072988975,
    "Pounds_of_Sirloin_Steak": 0.411902817,
    "Pounds_of_Bacon": 0.295528787,
    "Gallons_of_Ice_Cream": 0.479787668,
    "Diapers": 0.013270723,
    "Cups_of_Coffee": 0.137811352,
    "Cups_of_Mocha": 0.201102491,
    "Boneless_Wings": 0.033687219,
    "Chicken_Sandwichs": 0.051041241,
    "Medium_One_Topping_Pizza": 0.765108207,
    "Pints_at_a_Bar": 0.306247448,
    "Shots_at_a_Bar": 0.306247448,
    "Hard_Shell_Tacos": 0.076561862,
    "Video_Games": 3.061964067,
    "Bottled_Beverages": 0.127603103,
    "Pairs_of_Cotton_Socks": 0.077582687,
    "Short_Stacks_of_Pancakes": 0.325132707
  }
}
